<?xml version="1.0" encoding="UTF-8" standalone="no"?><TaskList Version="2.0"><Task Active="false" ConnectorKind="local" CreationDate="2016-10-26 17:28:46.483 +0200" DueDate="" EndDate="" Estimated="0" Handle="local-9" Kind="task" Label="ALGAV_Tries" LastModified="now" MarkReadPending="false" ModificationDate="" Notes="" NotifiedIncoming="true" Owner="local" Priority="P3" Reminded="false" RepositoryUrl="local" ScheduledEndDate="2016-12-07 23:59:59.999 +0100" ScheduledStartDate="2016-12-07 00:00:00.0 +0100" Stale="false" TaskId="9" offlineSyncState="SYNCHRONIZED"><SubTask Handle="local-10"/><SubTask Handle="local-11"/><SubTask Handle="local-12"/><SubTask Handle="local-13"/><SubTask Handle="local-14"/><SubTask Handle="local-15"/></Task><Task Active="false" ConnectorKind="local" CreationDate="2016-10-26 17:30:19.321 +0200" DueDate="" EndDate="" Estimated="0" Handle="local-10" Kind="task" Label="Primitive TriesHybrides" LastModified="now" MarkReadPending="false" ModificationDate="" Notes="" NotifiedIncoming="true" Owner="local" Priority="P3" Reminded="false" RepositoryUrl="local" ScheduledEndDate="2016-10-30 23:59:59.999 +0100" ScheduledStartDate="2016-10-24 00:00:00.0 +0200" Stale="false" TaskId="10" offlineSyncState="SYNCHRONIZED"/><Task Active="false" ConnectorKind="local" CreationDate="2016-10-26 17:30:39.317 +0200" DueDate="" EndDate="" Estimated="0" Handle="local-11" Kind="task" Label="Fonctions avancées PatriciaTries" LastModified="now" MarkReadPending="false" ModificationDate="" Notes="" NotifiedIncoming="true" Owner="local" Priority="P3" Reminded="false" RepositoryUrl="local" ScheduledEndDate="2016-10-30 23:59:59.999 +0100" ScheduledStartDate="2016-10-24 00:00:00.0 +0200" Stale="false" TaskId="11" offlineSyncState="SYNCHRONIZED"/><Task Active="false" ConnectorKind="local" CreationDate="2016-10-26 17:30:58.127 +0200" DueDate="" EndDate="" Estimated="0" Handle="local-12" Kind="task" Label="Fonctions avancées TriesHybrides" LastModified="now" MarkReadPending="false" ModificationDate="" Notes="" NotifiedIncoming="true" Owner="local" Priority="P3" Reminded="false" RepositoryUrl="local" ScheduledEndDate="2016-10-30 23:59:59.999 +0100" ScheduledStartDate="2016-10-24 00:00:00.0 +0200" Stale="false" TaskId="12" offlineSyncState="SYNCHRONIZED"/><Task Active="false" ConnectorKind="local" CreationDate="2016-10-26 17:31:36.986 +0200" DueDate="" EndDate="" Estimated="0" Handle="local-13" Kind="task" Label="Fusion PatriciaTries" LastModified="now" MarkReadPending="false" ModificationDate="" Notes="" NotifiedIncoming="true" Owner="local" Priority="P3" Reminded="false" RepositoryUrl="local" ScheduledEndDate="2016-10-30 23:59:59.999 +0100" ScheduledStartDate="2016-10-24 00:00:00.0 +0200" Stale="false" TaskId="13" offlineSyncState="SYNCHRONIZED"/><Task Active="false" ConnectorKind="local" CreationDate="2016-10-26 17:31:45.691 +0200" DueDate="" EndDate="" Estimated="0" Handle="local-14" Kind="task" Label="Conversions PatriciaTries &lt;-&gt; TriesHybrides" LastModified="now" MarkReadPending="false" ModificationDate="" Notes="" NotifiedIncoming="true" Owner="local" Priority="P3" Reminded="false" RepositoryUrl="local" ScheduledEndDate="2016-10-30 23:59:59.999 +0100" ScheduledStartDate="2016-10-24 00:00:00.0 +0200" Stale="false" TaskId="14" offlineSyncState="SYNCHRONIZED"/><Task Active="false" ConnectorKind="local" CreationDate="2016-10-26 17:32:15.291 +0200" DueDate="" EndDate="" Estimated="0" Handle="local-15" Kind="task" Label="Rééquilibrage TriesHybrides" LastModified="now" MarkReadPending="false" ModificationDate="" Notes="" NotifiedIncoming="true" Owner="local" Priority="P3" Reminded="false" RepositoryUrl="local" ScheduledEndDate="2016-10-30 23:59:59.999 +0100" ScheduledStartDate="2016-10-24 00:00:00.0 +0200" Stale="false" TaskId="15" offlineSyncState="SYNCHRONIZED"/></TaskList>